P53762	MA0004.1
Q24206	MA0013.1
Q41801	MA0021.1
P15330	MA0022.1
P15330	MA0023.1
P20105	MA0026.1
P05084	MA0049.1
P38564	MA0053.1
Q02994	MA0054.1
O24463	MA0064.1
P26367	MA0069.1
P35398	MA0071.1
P11473	MA0074.1
P19793	MA0074.1
O22676	MA0096.1
O22677	MA0097.1
Q04864	MA0101.1
Q04206	MA0107.1
Q99MY0	MA0111.1
P19793	MA0115.1
P55055	MA0115.1
O08961	MA0116.1
P08651	MA0119.1
P31314	MA0119.1
Q8L7W9	MA0123.1
P25032	MA0128.1
P14232	MA0129.1
Q86Y25	MA0130.1
P20263	MA0142.1
P48432	MA0142.1
F1JVV7	MA0149.1
F1JVV8	MA0149.1
Q62431	MA0151.1
Q01101	MA0155.1
P10276	MA0159.1
P19793	MA0159.1
Q6DJT9	MA0163.1
P09087	MA0165.1
P02833	MA0166.1
Q8IRC7	MA0167.1
Q24255	MA0168.1
Q24256	MA0169.1
Q7KS72	MA0170.1
Q9VYL0	MA0171.1
Q9W3C6	MA0172.1
Q9VPL4	MA0173.1
Q9W064	MA0174.1
Q8MZ02	MA0175.1
Q9VDH9	MA0176.1
Q9VEA3	MA0177.1
Q9VTW5	MA0178.1
Q9VWH1	MA0179.1
Q9W4B3	MA0180.1
Q5U1D9	MA0181.1
Q9VTW3	MA0182.1
Q9VDF0	MA0183.1
P07548	MA0186.1
P20009	MA0187.1
Q03372	MA0188.1
P54366	MA0190.1
Q9NHP8	MA0191.1
Q9VEI9	MA0192.1
Q9W423	MA0193.1
Q9V472	MA0194.1
O61640	MA0196.1
O96616	MA0198.1
Q95RW8	MA0199.1
O18400	MA0201.1
Q9W2Q1	MA0202.1
P09077	MA0203.1
Q9Y1P6	MA0204.1
P29555	MA0206.1
A1Z916	MA0207.1
Q06453	MA0208.1
P29673	MA0209.1
Q24248	MA0210.1
P22809	MA0211.1
P09081	MA0212.1
Q9XTN4	MA0213.1
Q04787	MA0214.1
Q9U984	MA0215.1
P54269	MA0217.1
P10180	MA0218.1
P18488	MA0219.1
P02836	MA0220.1
P06602	MA0221.1
Q9VSC2	MA0224.1
P02835	MA0225.1
Q9W2P8	MA0226.1
O46339	MA0227.1
O96620	MA0228.1
P05527	MA0229.1
P10105	MA0230.1
Q9VDA1	MA0231.1
P91626	MA0232.1
O01667	MA0233.1
P22810	MA0234.1
Q9NJB5	MA0235.1
P56672	MA0236.1
P31264	MA0238.1
Q24477	MA0240.1
P10181	MA0241.1
Q24040	MA0242.1
Q02637	MA0244.1
P22807	MA0245.1
Q27350	MA0246.1
Q9VJ37	MA0248.1
O77215	MA0250.1
Q4V5A3	MA0251.1
P22808	MA0253.1
P16241	MA0254.1
P09089	MA0256.1
Q966L8	MA0260.1
Q21446	MA0261.1
O18214	MA0262.1
G5EE86	MA0263.1
P41935	MA0263.1
P07249	MA0271.1
Q06596	MA0274.1
P40467	MA0275.1
P34233	MA0276.1
P41696	MA0277.1
P43634	MA0283.1
P15315	MA0287.1
P41817	MA0288.1
P26343	MA0289.1
P21657	MA0290.1
P21705	MA0291.1
P41813	MA0297.1
P04386	MA0299.1
P07261	MA0304.1
P18494	MA0307.1
Q12180	MA0311.1
P06774	MA0313.1
P0CY13	MA0318.1
P21190	MA0320.1
P26798	MA0321.1
P13902	MA0322.1
P33417	MA0323.1
P08638	MA0324.1
P35192	MA0326.1
P0CY11	MA0327.1
P09959	MA0330.1
P39678	MA0330.1
P11746	MA0331.1
P40573	MA0332.1
P54785	MA0340.1
P33748	MA0341.1
P33749	MA0342.1
Q03435	MA0344.1
P33200	MA0353.1
P07269	MA0356.1
P07270	MA0357.1
P38344	MA0364.1
Q00453	MA0366.1
P33400	MA0368.1
P32338	MA0370.1
P25042	MA0371.1
Q03465	MA0373.1
P34909	MA0379.1
P06843	MA0387.1
P35210	MA0388.1
P50104	MA0391.1
P38699	MA0392.1
P13574	MA0393.1
Q00947	MA0394.1
P53032	MA0399.1
P25302	MA0401.1
P38114	MA0404.1
P47988	MA0405.1
P38141	MA0407.1
P33122	MA0409.1
P40574	MA0417.1
Q08182	MA0419.1
Q12457	MA0421.1
Q04116	MA0426.1
Q12244	MA0429.1
P53749	MA0432.1
Q06595	MA0437.1
P47043	MA0440.1
M9NDG6	MA0444.1
Q24533	MA0445.1
P14734	MA0446.1
P39572	MA0447.1
P10035	MA0448.1
P14003	MA0449.1
Q9VN10	MA0450.1
P23803	MA0454.1
P39768	MA0456.1
P18102	MA0459.1
P17789	MA0460.1
Q3UNW5	MA0145.2
Q9UBX2	MA0468.1
P40645	MA0515.1
Q92731	MA0258.2
P09085	MA0216.2
P08970	MA0533.1
P20153	MA0534.1
P34021	MA0534.1
Q8IMA8	MA0237.2
P42003	MA0535.1
Q93560	MA0537.1
B7WN96	MA0542.1
P91868	MA0544.1
Q17381	MA0546.1
Q6PV68	MA0553.1
P48007	MA0559.1
Q8W2F3	MA0561.1
Q84LH8	MA0562.1
Q39204	MA0566.1
Q8LDC8	MA0567.1
Q9LTC4	MA0574.1
Q8GXL3	MA0578.1
O81900	MA0580.1
Q00958	MA0590.1
P36956	MA0595.1
Q12772	MA0596.1
Q13887	MA0599.1
P81269	MA0604.1
Q8BH52	MA0608.1
P55316	MA0613.1
Q9ES18	MA0614.1
Q9C0J9	MA0636.1
Q99607	MA0641.1
Q12951	MA0042.2
Q12952	MA0033.2
P35680	MA0153.2
Q00613	MA0486.2
Q00978	MA0653.1
Q8WYK2	MA0655.1
Q02080	MA0660.1
Q9UH92	MA0663.1
O60682	MA0665.1
P23409	MA0667.1
Q9H2A3	MA0669.1
Q9Y466	MA0676.1
Q13516	MA0678.1
O43316	MA0068.2
P28700	MA0512.2
P11831	MA0083.3
O15178	MA0009.2
Q9UMR3	MA0689.1
Q01664	MA0691.1
Q15915	MA0696.1
O14813	MA0713.1
O75360	MA0715.1
O95231	MA0724.1
P43136	MA0728.1
P10276	MA0729.1
P10276	MA0730.1
A8KA13	MA0731.1
P11161	MA0472.2
Q9BZE0	MA0736.1
Q8NEA6	MA0737.1
Q9BXK1	MA0741.1
P52747	MA0088.2
Q96AV8	MA0758.1
Q03933	MA0770.1
Q9ULV5	MA0771.1
Q05BX2	MA0773.1
O14770	MA0774.1
P10243	MA0776.1
P10244	MA0777.1
P19838	MA0105.4
P23760	MA0780.1
Q96KN3	MA0783.1
P20265	MA0787.1
P20264	MA0788.1
P49335	MA0789.1
Q06416	MA0792.1
Q92786	MA0794.1
P84022	MA0795.1
Q15583	MA0796.1
Q9GZN2	MA0797.1
Q13950	MA0511.2
Q8IWI9	MA0801.1
Q96SF7	MA0803.1
O43435	MA0805.1
P57082	MA0806.1
Q99593	MA0807.1
Q99594	MA0808.1
Q92481	MA0813.1
Q92754	MA0815.1
O35885	MA0816.1
Q9BYE0	MA0822.1
Q9Y5J3	MA0823.1
Q8TAK6	MA0826.1
Q7RTU3	MA0827.1
P53567	MA0838.1
Q99853	MA0845.1
Q12948	MA0032.2
P98177	MA0848.1
A8MYZ6	MA0849.1
B7ZLG1	MA0850.1
P28702	MA0855.1
P48443	MA0856.1
P22605	MA0857.1
P22605	MA0858.1
P18911	MA0860.1
Q9H3D4	MA0525.2
P04637	MA0106.3
Q9UKD1	MA0862.1
Q14872	MA0863.1
Q01094	MA0024.3
Q9Y651	MA0866.1
P53783	MA0870.1
P05549	MA0872.1
P29776	MA0916.1
Q9VLA2	MA0917.1
Q94126	MA0922.1
P34766	MA0924.1
P13528	MA0926.1
Q93899	MA0927.1
P0CY08	MA0328.2
Q8LPN5	MA0932.1
Q8GWQ2	MA0933.1
Q6DBQ1	MA0934.1
Q8GY42	MA0935.1
Q9SQQ6	MA0936.1
Q9LDY8	MA0937.1
Q9FLR3	MA0939.1
P35631	MA0940.1
Q9FXD6	MA0946.1
Q8L9Y3	MA0947.1
Q9M276	MA0950.1
Q940J1	MA0951.1
Q9LZR0	MA0952.1
O23487	MA0957.1
Q9LNJ5	MA0958.1
Q9ZPY8	MA0959.1
Q8L467	MA0960.1
Q9FJL4	MA0963.1
Q9C7S0	MA0967.1
P92973	MA0972.1
Q9SUQ2	MA0975.1
Q9ZPY0	MA0977.1
Q9SGJ6	MA0978.1
Q8LFR2	MA0986.1
O23661	MA1009.1
Q9AT76	MA1012.1
Q8VZP4	MA1013.1
Q6DBP8	MA1014.1
Q9FX53	MA1020.1
Q9FJV5	MA1028.1
Q75HX9	MA1033.1
Q75K84	MA1034.1
Q8LPR5	MA1035.1
Q9FJ07	MA1036.1
Q9SZP1	MA1039.1
Q9LXV2	MA1040.1
Q9M118	MA1041.1
Q4JL84	MA1042.1
F4JN35	MA1046.1
Q9S7L5	MA1048.1
A2X7K8	MA1050.1
P42736	MA1051.1
Q9SZ06	MA1053.1
Q9LQF0	MA1066.1
Q9FME3	MA1067.1
Q93WY4	MA1075.1
O22900	MA1080.1
Q8GWF1	MA1084.1
Q9LZV6	MA1091.1
D7MRK3	MA1095.1
D7MUG0	MA1096.1
D7MCT1	MA1097.1
D7LRC3	MA1098.1
P17028	MA1124.1
Q8NAM6	MA1155.1
P05412	MA1127.1
P53539	MA1127.1
P05412	MA1129.1
P15407	MA1129.1
P17275	MA1136.1
P53539	MA1136.1
Q9LUI3	MA1161.1
F4JIF5	MA1162.1
Q9SEZ4	MA1169.1
Q9SEZ4	MA1188.1
A2RVQ5	MA1199.1
Q9C960	MA1202.1
Q9SA07	MA1203.1
Q38837	MA1204.1
P29386	MA1205.1
Q7G1L2	MA1221.1
Q9LPE8	MA1222.1
O80341	MA1225.1
Q6J9N8	MA1235.1
Q9SVX5	MA1242.1
Q9M2U1	MA1274.1
Q9LEZ9	MA1290.1
Q9FMX2	MA1291.1
Q9ZQ70	MA1309.1
Q9ZPX0	MA1324.1
Q8LFD3	MA1328.1
Q39162	MA1335.1
Q9FMC2	MA1339.1
Q93XM6	MA1348.1
Q9LW45	MA1350.1
Q8L7L8	MA1352.1
Q700D7	MA1354.1
Q9SNB9	MA1356.1
Q8S3D5	MA1363.1
Q9SCQ6	MA1373.1
Q52QU2	MA1378.1
Q9M9H7	MA1379.1
Q9SL70	MA1380.1
Q9SJW0	MA1384.1
Q8L999	MA1402.1
F4JUI3	MA1403.1
Q9SKD0	MA1404.1
Q13568	MA1420.1
Q9HCS4	MA1421.1
Q7SE02	MA1434.1
A8XJP7	MA1440.1
Q9GZ03	MA1442.1
G5EE18	MA1445.1
G5ECG2	MA1448.1
P41829	MA1451.1
Q8N100	MA1468.1
Q96RJ6	MA1485.1
O00409	MA1489.1
Q96HZ4	MA1493.1
O14896	MA1509.1
P10589	MA1538.1
P10588	MA1539.1
P28702	MA1555.1
P48443	MA1556.1
Q99717	MA1557.1
Q01664	MA1570.1
Q8IUE1	MA1571.1
Q8IUE0	MA1572.1
Q9Y2Y4	MA1580.1
P52742	MA1587.1
P52737	MA1588.1
Q96SR6	MA1594.1
Q14592	MA1596.1
Q3MIS6	MA1597.1
P20719	MA0158.2
P31249	MA0912.2
Q92886	MA0623.2
P14653	MA2093.1
Q06710	MA2094.1
P40646	MA2095.1
Q96C55	MA2096.1
Q96C28	MA1715.1
Q96N20	MA2097.1
Q5HY98	MA2098.1
Q6IQ21	MA2099.1
P17098	MA1718.1
Q9H4T2	MA2100.1
Q86XU0	MA2101.1
Q9LFQ9	MA1732.1
Q61575	MA1684.1
D9HNU0	MA1686.1
D9HNU1	MA1687.1
Q8IGP5	MA1700.1
Q13105	MA2102.1
A0JQ66	MA1734.1
Q9CA52	MA1738.1
Q9SV87	MA1741.1
Q9LNE0	MA1746.1
Q9FV70	MA1749.1
Q8LSZ4	MA1750.1
Q1PDN3	MA1760.1
O81914	MA1783.1
Q9LQK5	MA1784.1
Q9FRV4	MA1788.1
O49697	MA1789.1
O49459	MA1790.1
Q9FK44	MA1791.1
O04017	MA1792.1
Q9SK03	MA1796.1
P82280	MA1797.1
Q9C6M5	MA1800.1
Q9M0P7	MA2103.1
Q9LRW7	MA2104.1
K7M309	MA2105.1
C4JBG6	MA1818.1
B4FLJ6	MA2106.1
Q7KHK4	MA2107.1
Q9VDZ3	MA2108.1
Q4H3E7	MA1876.1
Q4H3P5	MA2109.1
Q4H3T1	MA2110.1
Q4H3D5	MA2111.1
Q4H374	MA2112.1
Q4H2Z3	MA2113.1
Q4H2Y9	MA2114.1
Q4H2Y8	MA2115.1
Q4H2X8	MA2116.1
P19419	MA1931.1
P49639	MA1931.1
P14652	MA1957.1
P19419	MA1957.1
P14859	MA1962.1
P48431	MA1962.1
Q9HCL3	MA1972.1
Q8TF45	MA1980.1
Q96BR6	MA1985.1
Q8IVH2	MA2117.1
O43638	MA2118.1
O43365	MA2119.1
Q99676	MA2120.1
O14771	MA2121.1
Q8K4J2	MA2122.1
O96004	MA2123.1
P17096	MA2124.1
G3X9G7	MA2125.1
E9Q4R5	MA2126.1
P08047	MA0079.5
P48743	MA0509.3
Q02086	MA0516.3
Q7RTS1	MA0607.2
Q02446	MA0685.2
Q8TD94	MA0740.2
Q9Y4X4	MA0742.2
P48380	MA0798.3
Q8NFJ8	MA0818.2
Q5TA89	MA0821.2
P19532	MA0831.3
P47902	MA0878.3
A6NLW8	MA0884.2
Q13118	MA1511.2
Q14995	MA1532.2
Q99697	MA1547.2
P35713	MA1563.2
Q9JJD0	MA1573.2
P51815	MA1601.2
O14867	MA1633.2
Q21361	MA2127.1
P41934	MA2128.1
P34663	MA2129.1
G5EEJ1	MA2130.1
G5ED14	MA2131.1
Q18250	MA2132.1
O61924	MA2133.1
Q9XUW7	MA2134.1
G5ECU7	MA2135.1
Q65ZG6	MA2136.1
O46016	MA2137.1
O02050	MA2138.1
P91278	MA2139.1
P34683	MA2140.1
G5EDU6	MA2141.1
A8X9D5	MA2142.1
Q19345	MA2143.1
Q9NA51	MA2144.1
G5EEL3	MA2145.1
Q965W2	MA2146.1
H2KYW5	MA2147.1
Q9N5X6	MA2148.1
P41933	MA2149.1
G5EDE1	MA2150.1
Q21263	MA2151.1
G5EEQ5	MA2152.1
P41830	MA2153.1
O45103	MA2154.1
Q9XW26	MA2155.1
G5EE07	MA2156.1
Q23272	MA2157.1
P20271	MA2158.1
Q93352	MA2159.1
Q22812	MA2160.1
Q18273	MA2161.1
Q45EK2	MA2162.1
P46581	MA2163.1
Q09228	MA2164.1
P28515	MA2165.1
O01519	MA2166.1
A0A078BQN7	MA2167.1
G5EGD2	MA2168.1
G5EFT5	MA2169.1
Q10574	MA2170.1
O02273	MA2171.1
G5EG44	MA2172.1
Q9U325	MA2173.1
Q18533	MA2174.1
G5EEH5	MA2175.1
Q18711	MA2176.1
G5EEG1	MA2177.1
Q9NAD6	MA2178.1
P41935	MA2179.1
Q09534	MA2180.1
Q9N5S3	MA2181.1
Q5H9N3	MA2182.1
G5ED47	MA2183.1
Q20201	MA2184.1
Q9U2C9	MA2185.1
Q9XVD5	MA2186.1
G5EC77	MA2187.1
P24350	MA2188.1
P05552	MA2189.1
P39413	MA2190.1
Q9Y0A7	MA2191.1
Q2PE13	MA2192.1
Q9XZS8	MA2193.1
Q8SX87	MA2194.1
P48987	MA2195.1
Q9VB47	MA2196.1
Q9VS05	MA2197.1
M9PBR0	MA2198.1
Q9VQU9	MA2199.1
Q24535	MA2200.1
Q0IGQ2	MA2201.1
P55965	MA2202.1
Q29R14	MA2203.1
Q9VDN4	MA2204.1
Q9VAB8	MA2205.1
Q9W3Q5	MA2206.1
P19538	MA2207.1
Q9VID3	MA2208.1
P29747	MA2209.1
Q9VWW0	MA2210.1
P32027	MA2211.1
Q9VZN4	MA2212.1
P98149	MA2213.1
B6VQA1	MA2214.1
Q9W4S7	MA2215.1
Q9VST2	MA2216.1
Q26263	MA2217.1
Q9VML1	MA2218.1
Q01068	MA2219.1
Q01069	MA2220.1
Q01071	MA2221.1
Q01070	MA2222.1
P34021	MA2223.1
P13055	MA2224.1
Q9VQ56	MA2225.1
Q8WS79	MA2226.1
P25932	MA2227.1
P29774	MA2228.1
Q8MRW5	MA2229.1
Q04688	MA2230.1
P29775	MA2231.1
Q02361	MA2232.1
A0A0B4KFD8	MA2233.1
A0A0B4LH78	MA2234.1
Q02360	MA2235.1
Q95V55	MA2236.1
A0A0B4K6N2	MA2237.1
Q9VF00	MA2238.1
P09082	MA2239.1
Q7KM13	MA2240.1
M9PH26	MA2241.1
P49866	MA2242.1
P49869	MA2243.1
Q05192	MA2244.1
Q24142	MA2245.1
P18289	MA2246.1
Q9W0P9	MA2247.1
P21525	MA2248.1
O77459	MA2249.1
M9PF84	MA2250.1
P13054	MA2251.1
Q962I0	MA2252.1
Q8MR37	MA2253.1
Q9W349	MA2254.1
P91664	MA2255.1
Q9VMR2	MA2256.1
C3KGP2	MA2257.1
M9NGP0	MA2258.1
Q9W3F4	MA2259.1
A0A0B4JD55	MA2260.1
Q9VSZ3	MA2261.1
P51023	MA2262.1
P23757	MA2263.1
Q94527	MA2264.1
Q24573	MA2265.1
A0A0B4K653	MA2266.1
A0A0B4KFC4	MA2267.1
Q9VHG3	MA2268.1
P10084	MA2269.1
Q9VZK2	MA2270.1
Q9N658	MA2271.1
P32031	MA2272.1
Q59DN5	MA2273.1
P40656	MA2274.1
P40657	MA2275.1
M9PFG6	MA2276.1
M9PCG2	MA2277.1
M9PCZ7	MA2278.1
M9PJG1	MA2279.1
A0A0B4KHC8	MA2280.1
Q9VW37	MA2281.1
Q9VW37	MA2282.1
P52172	MA2283.1
E1JIM6	MA2284.1
Q7K0S9	MA2285.1
P16376	MA2286.1
M9PIH9	MA2287.1
Q7JS61	MA2288.1
Q9XZC2	MA2289.1
Q9W4J8	MA2290.1
Q9VMS4	MA2291.1
Q9VJP2	MA2292.1
Q5BI44	MA2293.1
Q8T9G5	MA2294.1
P10083	MA2295.1
Q01842	MA2296.1
Q9VZU5	MA2297.1
Q2MGN0	MA2298.1
Q9VDQ5	MA2299.1
Q9VHA4	MA2300.1
O61735	MA2301.1
Q8IRT6	MA2302.1
Q9V406	MA2303.1
Q9VGZ5	MA2304.1
O61734	MA2305.1
P22058	MA2306.1
Q9VRV4	MA2307.1
P11420	MA2308.1
Q24312	MA2309.1
Q8IN81	MA2310.1
P33244	MA2311.1
P91623	MA2312.1
Q9W2K3	MA2313.1
A8DY91	MA2314.1
Q8SYK5	MA2315.1
Q8SZN9	MA2316.1
P22816	MA2317.1
Q95RQ8	MA2318.1
P22814	MA2319.1
Q9VA17	MA2320.1
P41894	MA2321.1
Q9VAB8	MA2322.1
Q63449	MA2323.1
Q9H165	MA2324.1
Q99814	MA2325.1
Q9UKS7	MA2326.1
P06401	MA2327.1
O75132	MA2328.1
O95625	MA2329.1
O43167	MA2330.1
P51786	MA2331.1
Q9Y473	MA2332.1
P13682	MA2333.1
Q8IVP9	MA2334.1
Q96NG5	MA2335.1
Q9Y5A6	MA2336.1
Q9Z0Y9	MA2337.1
P23204	MA2338.1
Q80Z64	MA2339.1
Q3V1Q5	MA2340.1
Q8TBJ5	MA2341.1
Q9LT23	MA2342.1
Q8H1P9	MA2343.1
Q9SE43	MA2344.1
Q6YPG7	MA2345.1
Q6H878	MA2346.1
Q7XUC2	MA2347.1
Q8RWX7	MA2348.1
A0A0P0XBU0	MA2349.1
Q6Z3R6	MA2350.1
Q0J0P1	MA2351.1
Q9S7G7	MA2352.1
Q9ZWK1	MA2362.1
Q9LVG2	MA2363.1
F6I360	MA2364.1
D7SH98	MA2365.1
Q9SLB9	MA2366.1
Q8W031	MA2367.1
Q93WU9	MA2368.1
Q9LQW3	MA2369.1
Q8LA53	MA2370.1
Q9CA52	MA2371.1
Q9SSW1	MA2372.1
Q9SSW2	MA2373.1
Q940I0	MA2374.1
Q9FH80	MA2375.1
O23463	MA2376.1
Q9FK12	MA2378.1
Q94AR6	MA2379.1
Q84K52	MA2380.1
Q9FIW5	MA2387.1
Q8LAU9	MA2388.1
P42774	MA2389.1
I1N7U7	MA2390.1
Q9SYT6	MA2391.1
B4FHU3	MA2392.1
A0A2K1KF05	MA2393.1
H1ACT2	MA2394.1
A0A2K1K6H1	MA2395.1
Q9LVQ7	MA2396.1
Q9FH37	MA2397.1
O04479	MA2398.1
Q75HX9	MA2401.1
Q0J525	MA2402.1
A0A498ICG5	MA2403.1
Q0JJZ1	MA2404.1
Q6ZHM5	MA2405.1
B4F7W2	MA2408.1
K7UY40	MA2414.1
A0A060D2G6	MA2415.1
B4FZ51	MA2417.1
Q32SG3	MA2418.1
Q9SM14	MA2420.1
A0A060CV13	MA2421.1
Q0DH66	MA2422.1
C7J6C6	MA2423.1
C7J717	MA2424.1
A4FVP6	MA2005.2
O22174	MA1376.2
P39678	MA0329.2
Q03081	MA0333.2
Q12041	MA0334.2
P53050	MA0336.2
P27705	MA0337.2
P53035	MA0338.2
P39943	MA0339.2
Q7SH58	MA1433.2
Q7RY86	MA0929.2
P38830	MA0343.2
P28349	MA1435.2
Q03125	MA0347.3
P20824	MA1436.2
P39720	MA0348.2
P21957	MA0349.2
P12383	MA0352.3
Q06149	MA0354.2
P36093	MA0355.2
P25502	MA0358.2
P11938	MA0359.3
Q08904	MA0360.2
P25611	MA0361.2
P19541	MA0362.2
P21538	MA0363.3
P48743	MA0365.2
P32862	MA0367.2
Q12224	MA0369.2
P39956	MA0372.2
Q06639	MA0374.2
P38781	MA0375.2
P78871	MA1431.2
P38165	MA0376.2
P20134	MA0377.2
P32432	MA0378.2
P46954	MA0380.2
P38889	MA0381.2
Q02100	MA0382.3
P53127	MA0384.2
P53438	MA0385.2
P13393	MA0386.2
P09007	MA0389.2
Q12427	MA0390.2
P38704	MA0395.2
Q05937	MA0396.2
Q07351	MA0397.2
P46676	MA0398.2
Q12286	MA0400.2
P08153	MA0402.2
Q02457	MA0403.3
Q04545	MA0431.2
P18412	MA0406.2
P34219	MA0350.2
P14164	MA0265.3
P53147	MA0408.2
P26370	MA0410.2
P39001	MA0412.3
Q12151	MA0411.2
Q04411	MA0422.2
Q12132	MA0413.2
Q01371	MA1437.2
P40489	MA0414.2
P19880	MA0415.2
P38749	MA0416.2
Q03935	MA0418.2
P39959	MA0423.2
P39961	MA0424.2
P53243	MA0425.2
P35995	MA0428.2
Q05854	MA0430.2
P34161	MA0433.2
Q12145	MA0434.2
Q12531	MA0435.2
Q12139	MA0436.2
Q12340	MA0438.2
Q12172	MA0439.2
P46974	MA0441.2
Q02486	MA0266.2
P05085	MA0272.2
Q04052	MA0273.2
P21192	MA0267.2
P22035	MA0278.2
P24813	MA0279.3
P39113	MA0280.2
P17106	MA0281.3
P40969	MA0282.2
P40917	MA0284.3
O59958	MA1432.2
P53968	MA0285.2
P40535	MA0286.2
P40059	MA0351.2
Q05958	MA0292.2
Q02710	MA0293.2
P38073	MA0294.2
P38140	MA0420.2
P39521	MA0295.2
P40466	MA0296.2
P07248	MA0268.2
P43574	MA0300.2
Q07928	MA0301.2
P40569	MA0302.2
P03069	MA0303.3
Q01722	MA0305.2
Q03833	MA0306.2
P42950	MA0308.2
P42944	MA0309.2
P22149	MA0269.2
P41546	MA0310.2
P0CE41	MA0312.3
P13434	MA0314.3
Q02516	MA0316.2
P25364	MA0317.2
Q08957	MA0270.2
P10961	MA0319.2
P40971	MA0325.2
Q94513	MA0529.3
Q01295	MA0010.2
Q01295	MA0011.2
Q01295	MA0012.2
Q24266	MA0443.2
P20385	MA0015.2
Q7YU61	MA0184.2
P20482	MA0530.2
Q4QPP9	MA0530.2
Q9VS55	MA0531.2
Q24180	MA0185.2
Q9VAI8	MA1455.2
O96083	MA1456.2
P23023	MA1836.2
Q9W268	MA0915.2
Q9VFQ3	MA0189.2
Q9VR17	MA1837.2
Q9VQD6	MA1838.2
P40427	MA0222.2
Q95TF1	MA1839.2
Q27403	MA1840.2
P13002	MA1457.2
P22813	MA1458.2
P56721	MA1841.2
P10734	MA0451.2
P07247	MA0452.3
Q9VJ02	MA0195.2
Q9VHM3	MA1459.2
P31368	MA0197.3
P51521	MA0126.2
Q24217	MA1702.2
Q9W1H7	MA0457.2
Q8ST83	MA1460.2
Q9VEZ8	MA0536.2
Q8T0V5	MA0200.2
P06601	MA0239.2
P30052	MA0243.2
P32030	MA0458.2
P08044	MA0086.3
Q24151	MA0532.2
O16804	MA1461.2
P22711	MA0247.3
Q08605	MA0205.3
P10627	MA0249.3
P83949	MA0094.3
P20153	MA0016.2
Q9VWC6	MA1462.2
A1Z913	MA0252.2
P09956	MA0255.2
P09090	MA0257.2
A8XSX6	MA1438.2
Q18909	MA1444.2
P41936	MA0264.2
Q19720	MA1699.2
O45080	MA0921.2
G5EFF5	MA0538.2
O16850	MA1446.2
A8X4D9	MA0919.2
G5EF11	MA0541.2
Q10655	MA1701.2
A8XI59	MA1439.2
G5EDU4	MA0543.2
A8XJN7	MA0920.2
P22980	MA0545.2
H2KZZ2	MA1449.2
G5EEA1	MA0923.2
A8WVZ2	MA1441.2
Q95QD7	MA1450.2
G5EFY7	MA1703.2
P34707	MA0547.2
P45897	MA0925.2
A8WQQ9	MA1443.2
A8WL06	MA0918.2
V6CLN5	MA0928.2
P46505	MA1704.2
O23116	MA1751.2
Q38914	MA0571.2
Q5YGP8	MA1377.2
Q9M0L0	MA0971.2
Q9SUE3	MA0976.3
Q9SW63	MA0980.3
O80340	MA0992.3
Q9LDE4	MA0993.2
Q9MAI5	MA0994.3
Q9SUK8	MA0995.3
Q8W4I5	MA0997.2
Q9LSX0	MA0998.2
Q8VY90	MA1000.3
Q9C5I3	MA1001.4
Q8L9K1	MA1004.2
O80339	MA1005.3
Q8VZ91	MA1006.2
A9S898	MA1008.2
A9RC32	MA1010.2
Q6EP77	MA1032.2
Q9LND1	MA1049.2
Q9FJ93	MA1218.2
Q9SNE1	MA1219.3
Q39127	MA1220.2
Q9M210	MA1223.2
P61827	MA1226.2
Q38Q39	MA1227.3
Q8LBQ7	MA1228.2
Q8LBQ7	MA1229.2
O80654	MA1230.2
Q8VYM0	MA1231.3
Q9M0J3	MA1232.2
Q9C9I2	MA1233.3
Q84QC2	MA1234.2
Q9ZQP3	MA1238.3
Q9FKG1	MA1239.2
Q9ZWA2	MA1240.2
Q9M080	MA1241.2
O80917	MA1243.2
Q9FGF8	MA1244.2
P93007	MA1245.3
Q9M644	MA1246.2
Q9FZ90	MA1247.2
Q9SFE4	MA1248.2
Q9LQZ2	MA1250.2
Q8W3M3	MA1251.2
Q6J9Q2	MA1252.2
Q9LU18	MA1253.2
Q9SSA8	MA1256.2
Q9FE67	MA1257.2
O82132	MA1258.2
Q1ECI2	MA1259.2
Q9CAP4	MA1260.2
Q38Q40	MA1261.2
O80338	MA1262.2
Q9SKW5	MA1263.2
Q9LTC6	MA1264.2
Q6NLD5	MA1265.3
Q6J9S1	MA1266.2
O80542	MA1424.2
P93835	MA1669.2
Q9SYS6	MA1670.2
Q9CA27	MA1671.2
Q8LC30	MA1679.2
Q9LN86	MA1748.2
Q9FJ90	MA1752.2
Q9FJQ2	MA1753.2
Q8H0T5	MA1754.2
Q8H1E4	MA1795.2
Q9XI33	MA1804.2
A0A060D1F1	MA1817.2
A0A1D6ERG6	MA1819.2
K7TL41	MA1820.2
A0A1D6I4Y7	MA1821.2
A0A060D609	MA1831.2
C4J4G2	MA1832.2
B6TYT8	MA1833.2
Q9FH94	MA2011.2
Q9LY29	MA2013.2
Q01593	MA0564.2
Q9LW31	MA0565.3
Q1PFR7	MA0581.2
I1KZD3	MA1810.2
Q8L7G0	MA0942.2
P93024	MA0943.2
Q9FGV1	MA0944.2
Q94JM3	MA1206.2
D9HNT7	MA1685.2
K7URZ7	MA1688.2
A0A060CYJ7	MA1689.2
C0PH36	MA1690.2
D9HNV4	MA1691.2
D9HNV6	MA1692.2
A0A060D7X7	MA1693.2
D9HNT1	MA1697.2
D9HNT4	MA1698.2
Q9ZWM9	MA0582.2
Q8GZM7	MA0552.2
O80536	MA0560.2
Q9FIP9	MA0568.2
O49687	MA0569.2
Q93VJ4	MA0956.2
Q94JL3	MA0961.2
Q9LTC7	MA0962.2
Q9LEZ3	MA0964.3
Q9CAA4	MA0965.3
Q9FMB6	MA0966.2
Q9ZPW3	MA1025.2
Q9FUA4	MA1061.2
Q8GZ38	MA1074.2
Q9C8P8	MA1357.2
Q66GR3	MA1358.2
Q0JXE7	MA1359.3
Q6NKN9	MA1360.3
Q1PF17	MA1361.2
Q9LK48	MA1362.2
Q570R7	MA1364.2
Q9C690	MA1739.2
Q9CAA9	MA1740.2
A0A1D6EAS7	MA1816.2
A0A1D6L6L0	MA1834.2
Q9LN63	MA0549.2
Q8S307	MA0550.3
Q9ZV88	MA1331.2
Q94A43	MA1332.2
O49404	MA1333.2
Q9FH80	MA2014.2
Q9M1U4	MA0587.2
I1N7U7	MA1019.2
Q6H878	MA1031.2
D7L3Y2	MA1054.2
Q9C9L2	MA1062.3
Q9LT89	MA1063.2
Q93V43	MA1064.2
Q9LSD5	MA1065.3
Q9S7W5	MA1282.2
Q93Z00	MA1283.2
Q9FYG7	MA1284.2
O64647	MA1285.2
Q9C758	MA1286.2
Q9FTA2	MA1287.2
Q9C7G4	MA1288.2
Q9MAH8	MA1289.2
Q9C518	MA1428.2
Q8LN68	MA1430.2
C0HEC8	MA1828.2
A9TDF9	MA0988.2
A0A1D6HQE4	MA1822.2
Q9M7Q5	MA0570.3
Q9M7Q3	MA0930.3
Q9SJN0	MA0931.2
Q9M7Q4	MA0941.2
Q9LES3	MA1338.3
Q9M7Q2	MA1659.2
I1KFN0	MA1808.2
K7M309	MA1811.2
Q9SG86	MA1344.2
P12959	MA1417.2
B9DGI8	MA1745.2
Q39237	MA0588.2
Q39163	MA1047.3
P43273	MA1068.3
Q39140	MA1069.3
Q93ZE2	MA1070.3
Q39234	MA1336.2
E3VNM4	MA1346.2
O49067	MA1835.2
Q84LG2	MA0968.3
Q501B2	MA1349.2
P42776	MA1351.3
P42775	MA1672.2
O24646	MA0551.2
Q8W191	MA1425.2
Q8VWG0	MA1343.2
O22873	MA1742.2
Q9SIG8	MA1744.2
Q9MA75	MA1803.2
O65683	MA1334.2
C0Z2L5	MA1337.2
Q9LFU3	MA1340.2
Q9LZP8	MA1341.2
Q8RU59	MA1345.2
Q9SI15	MA1743.2
Q39013	MA2015.2
Q700D2	MA1156.2
Q9FFH3	MA1157.2
Q9ZWA6	MA1158.2
F4IPE3	MA1159.2
Q8RWX7	MA1160.2
Q9ZUL3	MA1370.2
Q8GYC1	MA1371.2
Q96289	MA1372.2
Q8H1F5	MA1374.2
Q9LX86	MA1381.2
I3NN78	MA1405.2
Q9STM3	MA1415.2
Q84K31	MA1736.2
O81793	MA1801.2
O22533	MA2052.2
Q8RY95	MA0586.3
Q9FZK0	MA1056.2
Q9S7P5	MA1057.2
Q9S7A9	MA1058.2
Q9S758	MA1059.3
Q8S9G8	MA1060.2
Q9M2Q6	MA1320.2
B9DI20	MA1321.2
Q8S9L0	MA1799.2
Q9ZQ12	MA2016.2
Q6NPP4	MA0969.2
Q8GSA7	MA0970.2
Q9FY74	MA1197.2
Q8S9M3	MA1756.2
I1KHB3	MA1809.2
Q6ZIK5	MA1815.2
Q8L548	MA1682.2
Q76DI3	MA1813.2
Q9FNY0	MA1414.2
Q9LS50	MA0938.3
Q9FY93	MA1043.2
Q9FKA0	MA1044.2
Q84WP6	MA1045.2
Q9SRZ8	MA1427.3
F4IED2	MA1660.2
Q9SQX9	MA1663.3
Q9XIC5	MA1674.3
O49255	MA1675.2
Q9SCK6	MA1676.3
Q84K00	MA1677.2
Q9XIN7	MA1678.3
Q9ZNU2	MA1785.2
Q9C932	MA1786.2
Q84TD6	MA1787.2
Q67Z40	MA2006.2
F4HY61	MA2009.2
Q9MA17	MA2010.2
Q9SK55	MA2017.2
Q9M126	MA2018.2
Q9ZQ25	MA2033.2
Q9LSH5	MA2034.2
Q9M0F8	MA2035.2
O65508	MA2036.2
Q9LS24	MA2037.2
Q9FMJ1	MA2038.2
O81913	MA2043.2
Q9FWX2	MA2044.2
Q9S851	MA2045.2
Q9ZVP8	MA2046.2
Q9SL41	MA2047.2
A4VCM0	MA2048.2
Q949N0	MA2049.2
Q9LVA1	MA2050.2
A8MQY1	MA2051.2
Q9FH59	MA2053.2
Q9SI37	MA0589.2
O22176	MA1076.3
Q9C5T4	MA1077.2
Q9FG77	MA1078.2
O04336	MA1079.3
O22921	MA1081.3
Q9FL62	MA1083.3
Q9SAH7	MA1085.3
Q8GY11	MA1086.2
Q9S763	MA1087.3
Q9FGZ4	MA1088.2
Q9C983	MA1089.2
Q9SK33	MA1090.2
Q9C6H5	MA1092.2
Q9FYA2	MA1093.2
Q9FL26	MA1094.3
Q93WV0	MA1295.2
Q9SKD9	MA1296.2
Q9C5T3	MA1297.2
Q9SUS1	MA1298.2
Q9SJA8	MA1299.2
Q9C519	MA1300.2
Q8S8P5	MA1301.2
Q9LP56	MA1302.2
O04609	MA1303.2
Q9SJ09	MA1304.2
Q9SHB5	MA1305.2
Q9SV15	MA1306.2
Q93WT0	MA1307.3
Q9LY00	MA1308.2
Q9XEC3	MA1310.2
Q8VWJ2	MA1311.3
Q9ZSI7	MA1312.2
Q9STX0	MA1313.2
Q9SA80	MA1314.2
Q9FFS3	MA1315.2
Q93WV4	MA1316.2
Q8VWQ5	MA1317.2
Q9FLX8	MA1318.2
Q9SUP6	MA1805.2
Q9LIE5	MA0557.2
Q9SWG3	MA1382.2
Q9LUH8	MA1664.3
Q9SCW4	MA1665.3
Q9T0D3	MA1666.3
Q9LV52	MA1667.3
Q9SCW5	MA1758.2
O49403	MA1759.2
O22230	MA1761.2
O81821	MA2019.2
Q9C635	MA2020.2
Q02283	MA0008.4
P46667	MA0110.4
O04292	MA0573.2
P46668	MA0953.2
P46897	MA0954.3
Q9FX31	MA0990.2
P46600	MA1024.2
Q9ZU11	MA1026.3
P46601	MA1198.2
Q8LAT0	MA1209.2
P46604	MA1210.3
A9Z1E8	MA1211.2
Q8LC03	MA1212.2
O23208	MA1214.2
Q9LVR0	MA1215.2
Q8LFD3	MA1327.3
Q9M2E8	MA1369.2
Q0WV12	MA1375.2
P92953	MA1406.2
Q9LTK3	MA1757.2
C0PNY4	MA1824.2
O64722	MA1213.3
Q9FRL5	MA1326.2
Q9SB61	MA1329.3
Q9FIW9	MA1807.2
P29383	MA0001.3
P17839	MA0005.3
Q38742	MA0082.2
Q38847	MA0548.3
O64645	MA0554.2
Q9FVC1	MA0555.2
P35632	MA0556.2
Q5Q9J1	MA0558.2
O22456	MA0563.2
P29382	MA0584.2
P29381	MA0585.2
Q8S4L4	MA1814.2
P69781	MA1015.2
Q8LG10	MA1016.2
Q9SV30	MA1017.2
O82632	MA1018.2
Q6QPM2	MA1323.2
Q9M1U2	MA1325.2
Q9SD38	MA1396.2
O49743	MA1755.2
Q41800	MA0020.2
Q93ZL5	MA0973.2
Q8LFV3	MA0974.3
Q84JQ8	MA0981.2
O80928	MA0982.2
Q9FM03	MA0983.2
Q9LSL6	MA0984.2
Q84TE9	MA1071.2
Q9FGD6	MA1267.2
Q9SEZ3	MA1268.2
O49550	MA1269.2
Q9M1E6	MA1270.2
Q9ZV33	MA1272.3
Q9SUB1	MA1273.2
Q9SX97	MA1275.2
Q9SVC5	MA1276.2
O82155	MA1277.2
Q39088	MA1278.2
P68350	MA1279.2
Q8LDR0	MA1280.2
Q9LZ56	MA1281.2
Q9SUB0	MA1747.2
B4FDH4	MA1823.2
O22131	MA1673.2
Q9AT61	MA2021.2
Q9FML4	MA2022.2
Q84TH9	MA1794.2
P93015	MA0577.4
Q9SMX9	MA1055.3
Q700W2	MA1322.3
O49397	MA0121.2
Q940D0	MA0945.2
Q9FGT7	MA0948.2
Q9ZWJ9	MA0949.2
Q5SML5	MA1409.2
Q93WJ9	MA1027.2
C0SVS4	MA1163.3
F4JRB0	MA1164.2
Q9FX84	MA1165.3
Q8VYI2	MA1166.2
Q9ZQ85	MA1167.2
Q9SQQ9	MA1168.2
Q9C616	MA1383.2
Q9FPE8	MA1386.3
Q9FX67	MA1387.2
Q94A57	MA1388.2
Q8GUN5	MA1389.2
Q8VZS3	MA1390.3
Q700D9	MA1706.2
Q8GYE4	MA1735.2
Q9FF65	MA1737.2
K7W4V3	MA1827.2
A0A060D7H5	MA1830.2
Q8GXC2	MA2023.2
Q96464	MA0034.2
Q9SN12	MA0575.2
Q9M2Y9	MA0576.2
Q5N9C9	MA1030.2
Q9SPG9	MA1037.2
Q9S9K9	MA1038.2
Q9LVW4	MA1170.2
Q6R0C4	MA1171.2
Q6R032	MA1172.2
O80883	MA1173.2
Q6R053	MA1174.2
Q9SLH1	MA1175.2
Q9FIM4	MA1176.2
Q9FR97	MA1177.2
Q9S7G7	MA1178.3
Q42575	MA1179.2
Q94FL9	MA1180.2
Q9FNV9	MA1181.2
Q9SCP1	MA1292.2
Q9SSA1	MA1293.2
Q9C9G7	MA1294.2
Q8W1W6	MA1391.3
Q9S7L2	MA1392.3
O22179	MA1393.3
O23160	MA1394.3
Q94FL6	MA1426.2
Q9LTV4	MA1762.2
Q94FU0	MA1764.2
Q9LRU5	MA1765.2
Q9M2D9	MA1766.2
Q96276	MA1767.2
Q9SCU7	MA1768.2
Q8GWP0	MA1769.2
F4K6R6	MA1770.2
Q9M0J5	MA1771.2
Q9SPG7	MA1772.2
O49782	MA1773.2
Q8GYP5	MA1774.2
Q8VZQ2	MA1775.2
Q9LTW2	MA1776.2
Q9M0Y5	MA1777.2
Q9XHV0	MA1778.2
Q9C6U1	MA1779.2
Q9SBF3	MA1780.2
Q9SN78	MA1781.2
A0A1D6LHJ4	MA1829.2
Q9LDI5	MA2007.2
Q9SNW9	MA2008.2
Q6R0A6	MA2024.2
Q9S9Z2	MA2025.2
Q9LDE1	MA2026.2
Q9FDW1	MA2027.2
Q9SPG6	MA2028.2
F4IRB4	MA2029.2
Q24JK1	MA2030.2
Q9LNC9	MA2041.2
Q9SA47	MA2042.2
P92948	MA0579.2
Q8RWU3	MA1182.2
Q8H0W3	MA1183.2
F4KGY6	MA1184.2
F4HQG9	MA1185.2
Q9M9A3	MA1186.2
Q6R0G4	MA1187.2
Q9FKF9	MA1189.2
C0SVG5	MA1190.2
F4J2J6	MA1191.2
F4IEY4	MA1353.2
Q9JFW5	MA1355.2
Q9LVS0	MA1398.3
B3H5A8	MA1401.2
Q9FNN6	MA1681.2
Q84TG2	MA1793.2
Q6R0E3	MA1802.2
A0A3Q7EM19	MA1812.2
A0A1D6NLI6	MA1825.2
Q9LZ21	MA2031.2
Q8VWK4	MA2032.2
Q9SDW0	MA1207.2
Q39117	MA1208.2
Q9FGJ1	MA1365.3
Q9C6K3	MA1366.2
Q9LU92	MA1368.3
A0A1P8ATX4	MA1661.2
Q94JR1	MA1662.2
Q8VZ20	MA1733.2
Q9LJG8	MA2039.2
F4K0Q7	MA2040.2
Q4H3W8	MA1843.2
Q1RLB9	MA1844.2
Q4H3U3	MA1846.2
Q4H3M8	MA1852.2
Q4H3L7	MA1853.2
Q4H3K4	MA1855.2
Q4H3K3	MA1856.2
Q4H3K2	MA1857.2
Q4H3J9	MA1858.2
Q4H3J7	MA1859.2
Q4H3J5	MA1860.2
Q4H3J4	MA1861.2
Q4H3J2	MA1862.2
Q4H3J1	MA1863.2
Q4H3J0	MA1864.2
Q4H3I9	MA1865.2
Q4H3I6	MA1866.2
Q4H3I5	MA1867.2
Q4H3I4	MA1868.2
Q4H3I2	MA1869.2
Q4H3I1	MA1870.2
Q4H3I0	MA1871.2
Q4H3H7	MA1872.2
Q4H3H5	MA1873.2
Q4H3F6	MA1874.2
Q4H3E5	MA1879.2
Q4H3E4	MA1880.2
Q4H3D7	MA1882.2
Q4H3D2	MA1883.2
Q4H3C7	MA1884.2
Q4H3C6	MA1885.2
Q4H3C5	MA1886.2
Q4H394	MA1894.2
Q4H389	MA1896.2
Q9GRA5	MA0118.2
Q4H376	MA1897.2
Q4H369	MA1899.2
Q4H364	MA1900.2
Q4H348	MA1902.2
Q4H338	MA1905.2
Q4H304	MA1907.2
Q4H303	MA1908.2
Q4H2X0	MA1909.2
Q4H2V9	MA1911.2
Q4H2T2	MA1913.2
Q4H2S7	MA1914.2
Q4H2S3	MA1915.2
Q4H2S2	MA1916.2
Q4H2S1	MA1917.2
Q4H2R8	MA1918.2
Q95YF5	MA1919.2
Q75UK1	MA1921.2
Q4JF70	MA1922.2
Q4H2P3	MA1924.2
Q4H2N1	MA1926.2
A0A8V0XB38	MA0619.2
P30561	MA0006.2
P53762	MA0006.2
Q8C8B0	MA0854.2
O95076	MA0634.2
O35137	MA0853.2
Q9UL17	MA0690.3
P19091	MA0007.4
A6NJG6	MA1463.2
Q9Z1N7	MA0601.2
Q3U108	MA0602.2
P27540	MA0259.2
Q16665	MA0259.2
Q9HBZ2	MA1464.2
Q9WTL8	MA0603.2
O35085	MA0874.2
P50553	MA1100.3
P50553	MA1631.2
P15336	MA1632.2
Q60765	MA1988.2
P18847	MA0605.3
P18848	MA0833.3
P18850	MA1466.2
P17544	MA0834.2
P48985	MA0461.3
P48985	MA1467.3
P97302	MA0591.2
Q61827	MA0591.2
O60675	MA0496.4
Q9BYV9	MA1101.3
Q9BYV9	MA1470.2
Q9BZE3	MA0877.4
Q9NY43	MA0635.2
Q9HBU1	MA0875.2
Q9UMQ3	MA1471.2
Q16520	MA1634.2
P05412	MA0462.3
Q16520	MA0462.3
P05627	MA0489.3
P05412	MA0488.2
Q9NR55	MA0835.3
Q99PV8	MA1989.2
P41182	MA0463.3
Q9QYC3	MA1472.3
Q8NFJ8	MA1635.2
Q8NDY6	MA0817.2
O14503	MA0464.3
Q6ZN30	MA1928.2
Q3C1V8	MA0876.2
Q99626	MA0465.3
O14627	MA1473.2
P49715	MA0102.5
P17676	MA0466.4
P49716	MA0836.3
Q15744	MA0837.3
P53567	MA1636.2
O15516	MA0819.3
P16220	MA0018.5
O43889	MA0638.2
Q96BA8	MA0839.2
Q8TEY5	MA1474.2
Q8TEY5	MA1475.2
Q8K1L0	MA0840.2
Q03060	MA0609.3
O54751	MA0467.3
P49711	MA0139.2
P49711	MA1929.2
P49711	MA1930.2
Q8NI51	MA1102.3
P39880	MA0754.3
Q62424	MA0650.4
Q92826	MA0901.3
O14529	MA0755.2
Q10586	MA0639.2
P05554	MA0019.2
Q62857	MA0019.2
P56177	MA0879.3
P40764	MA0885.3
Q64205	MA0880.2
P70436	MA0881.2
P70396	MA1476.3
P56179	MA0882.2
Q91ZK4	MA0883.2
Q9QZ59	MA1603.2
Q9NQL9	MA0610.2
Q5VZB9	MA1707.2
Q96SC8	MA1478.2
Q8IXT2	MA1479.2
A6NFQ7	MA1480.2
A6NNA5	MA1481.2
A1JVI8	MA0611.3
Q14209	MA0864.3
O00716	MA0469.4
O95948	MA0756.3
Q16254	MA0470.3
O75461	MA0471.3
A0AVK6	MA0865.3
Q9UH73	MA0154.5
O08792	MA1604.2
Q9H4W6	MA1637.2
P18146	MA0162.5
Q06889	MA0732.2
Q05215	MA0733.2
Q9NZC4	MA0598.4
P32519	MA0473.4
Q15723	MA1483.3
P78545	MA0640.3
Q8VDK3	MA0136.4
P19419	MA0028.3
O95936	MA0800.2
Q9Y603	MA1708.2
P49639	MA1495.2
P19419	MA1932.2
Q92826	MA1932.2
P15863	MA0779.2
Q02548	MA0014.4
P55771	MA0781.2
O95238	MA0686.2
P19419	MA1933.2
Q12772	MA1933.2
Q12772	MA0828.3
Q10587	MA0843.2
P41970	MA0759.3
P28324	MA0076.3
Q04741	MA0612.3
Q04743	MA0886.2
Q05925	MA0027.3
P19622	MA0642.3
P50548	MA0760.2
P50548	MA1934.2
Q6QHK4	MA1934.2
Q6QHK4	MA0820.2
P50548	MA1935.2
Q12951	MA1935.2
P50548	MA1936.2
Q9R1E0	MA1936.2
Q9R1E0	MA0480.3
P50548	MA1937.2
Q92826	MA1937.2
P61244	MA0058.4
P50548	MA1938.2
Q02575	MA1938.2
Q02575	MA0048.3
P50548	MA1939.2
Q12772	MA1939.2
P81270	MA0474.4
P03372	MA0112.4
P11474	MA0592.4
O95718	MA0141.4
P62509	MA0643.2
Q8N693	MA0644.3
P14921	MA0098.4
P15036	MA1484.2
P50549	MA0761.3
Q3KNT2	MA0762.2
A6NNA5	MA1940.2
Q3KNT2	MA1940.2
Q3KNT2	MA1941.2
Q6QHK4	MA1941.2
Q12951	MA1942.2
Q3KNT2	MA1942.2
Q3KNT2	MA1943.2
Q92826	MA1943.2
P41162	MA0763.2
P43268	MA0764.4
P41161	MA0765.4
A6NNA5	MA1944.2
P41161	MA1944.2
P41161	MA1945.2
Q6QHK4	MA1945.2
P41161	MA1946.2
Q12951	MA1946.2
P41161	MA1947.2
Q12778	MA1947.2
O43364	MA1948.2
P41161	MA1948.2
O43364	MA0900.3
P41212	MA0645.2
P49640	MA0887.2
Q03828	MA0888.2
Q99581	MA0156.4
Q01543	MA0475.3
A6NNA5	MA1949.2
Q01543	MA1949.2
Q01543	MA1950.2
Q12953	MA1950.2
P01100	MA0476.2
P01100	MA1951.2
P01100	MA0099.4
P05412	MA0099.4
P01100	MA1126.2
P05412	MA1126.2
P01100	MA1134.2
P17275	MA1134.2
P17275	MA1140.3
P17275	MA0490.3
P01100	MA1141.2
P17535	MA1141.2
P17535	MA0492.2
P17535	MA0491.3
P17275	MA1135.2
P53539	MA1135.2
P15407	MA0477.3
P05412	MA1128.2
P15407	MA1128.2
P15407	MA1137.2
P17275	MA1137.2
P15407	MA1142.2
P17535	MA1142.2
P15407	MA1143.2
P17535	MA1143.2
P15408	MA0478.2
P05412	MA1130.2
P15408	MA1130.2
P05412	MA1131.2
P15408	MA1131.2
P15408	MA1138.2
P17275	MA1138.2
P15408	MA1139.2
P17275	MA1139.2
P15408	MA1144.2
P17535	MA1144.2
P15408	MA1145.2
P17535	MA1145.2
P55317	MA0148.5
Q9Y261	MA0047.4
P55318	MA1683.2
Q99958	MA0846.2
Q16676	MA0031.2
O60548	MA0847.4
Q9UJU5	MA0041.3
O00358	MA1487.3
Q61080	MA1606.2
Q12947	MA0030.2
O75593	MA0479.2
P32519	MA1952.2
Q9P0K8	MA1952.2
P78337	MA0682.3
Q8BUR3	MA0851.2
P85037	MA0852.3
Q01167	MA1103.3
O88470	MA1607.2
P32519	MA1953.2
Q12778	MA1953.2
P19419	MA1954.2
Q12778	MA1954.2
P41970	MA1955.2
Q12778	MA1955.2
Q01543	MA1956.2
Q12778	MA1956.2
Q9WVH4	MA0157.4
Q9H334	MA0481.4
O15409	MA0593.2
Q63244	MA0040.2
Q06546	MA0062.4
P15976	MA0035.5
P15976	MA0140.3
P17542	MA0140.3
P23769	MA0036.4
P23772	MA0037.5
P43694	MA0482.3
Q9BWX5	MA0766.3
Q92908	MA1104.3
Q14549	MA0889.2
P52951	MA0890.2
Q9NP62	MA0646.2
P48431	MA0143.5
O75603	MA0767.2
Q99684	MA0038.3
O70237	MA0483.2
P47806	MA1990.2
Q0VGT2	MA0734.4
P10071	MA1491.3
Q8NBF1	MA0735.2
Q9JL60	MA0615.2
Q9NZI5	MA0647.2
Q6ISB3	MA1105.3
P56915	MA0648.2
O15499	MA0891.2
A4IFQ3	MA0892.2
Q9BZM3	MA0893.3
P15806	MA0092.2
Q64279	MA0092.2
P15923	MA0522.4
P61296	MA1638.2
Q14469	MA1099.3
Q9Y543	MA0616.3
Q9UBX0	MA0894.2
Q9UBP5	MA0649.2
Q9R1Y5	MA0739.2
Q96JB3	MA0738.2
Q16665	MA1106.2
Q9BQA5	MA0131.3
Q16534	MA0043.4
Q6NT76	MA0895.2
O70218	MA0896.2
P43687	MA0897.2
P42581	MA0898.2
P22361	MA1991.2
P20823	MA0046.3
P41235	MA1494.2
P41235	MA0114.5
Q14541	MA0484.3
P31260	MA0899.2
P31270	MA0911.2
Q00056	MA1496.2
P31267	MA1497.2
P31268	MA1498.3
P31269	MA0594.3
P14652	MA0902.3
O15119	MA1566.3
P14651	MA0903.2
P17483	MA1499.2
P09067	MA0904.3
P17509	MA1500.2
P09629	MA1501.2
P17481	MA1502.2
P17482	MA1503.2
Q9NYD6	MA0905.2
O43248	MA0651.3
P31275	MA0906.2
P31276	MA0907.2
P09017	MA1504.2
P31273	MA1505.2
P31274	MA0485.3
P28358	MA1506.2
P31277	MA0908.2
P35452	MA0873.2
P19419	MA1958.2
P35452	MA1958.2
P70217	MA0909.4
P09016	MA1507.2
P13378	MA0910.3
P28356	MA0913.3
Q13422	MA1508.2
O08900	MA1992.2
P15314	MA0050.4
P14316	MA0051.2
Q14653	MA1418.2
Q15306	MA1419.2
Q92985	MA0772.2
Q02556	MA0652.2
P61372	MA1608.2
Q96A47	MA0914.2
Q2M1V0	MA0654.2
Q8WYK2	MA0656.2
P05412	MA1132.2
P17275	MA1132.2
P05412	MA1133.2
P17275	MA1133.2
Q13351	MA0493.3
O14901	MA1512.2
Q9Y2Y9	MA0657.2
Q9UIH9	MA1513.2
Q5JT82	MA1514.2
Q9Y5W3	MA1515.2
P57682	MA1516.2
O43474	MA0039.5
Q99612	MA1517.2
O75840	MA1959.2
Q13886	MA1107.3
P52954	MA0618.2
Q6XYB7	MA0699.2
P27782	MA0768.3
P63006	MA1518.3
P50458	MA0700.3
P50481	MA0135.2
P53776	MA0704.2
Q9H2C1	MA1519.2
Q9UPM6	MA0658.2
O35652	MA0705.2
Q9NQ69	MA0701.3
Q8TE12	MA0702.3
O60663	MA0703.3
O75444	MA1520.2
O75444	MA0501.2
Q16621	MA0501.2
Q16621	MA0841.2
Q8NHW3	MA1521.2
P54841	MA0117.3
Q9ULX9	MA0495.4
O54790	MA0659.4
Q14494	MA0089.3
P01106	MA0059.2
P61244	MA0059.2
P01106	MA0147.4
P56270	MA1522.2
A4QPC8	MA0029.2
Q02078	MA0052.5
Q06413	MA0497.2
O00470	MA0498.3
O00470	MA1639.2
O14770	MA1640.2
Q99687	MA0775.2
P50221	MA0661.2
Q6FHY5	MA0706.2
P49640	MA1960.2
Q8IWI9	MA1960.2
O75030	MA0620.4
P21711	MA0621.2
Q9H2W2	MA0662.2
Q2VPU4	MA0622.2
Q9NP71	MA0664.2
Q99583	MA0825.2
P50219	MA0707.3
Q96H12	MA1523.2
Q9JK54	MA1524.3
P28360	MA0666.3
P35548	MA0708.3
P70354	MA0709.2
P50539	MA1108.3
P10242	MA0100.4
P04198	MA0104.5
P13349	MA1641.2
P15172	MA0499.3
P15173	MA0500.3
P28698	MA0056.3
Q13562	MA1109.2
Q62414	MA1993.2
Q62414	MA0668.3
Q9H2A3	MA1642.2
Q9WV30	MA0606.3
O88942	MA0624.3
Q60591	MA0152.3
Q12968	MA0625.3
Q14934	MA1525.3
Q60795	MA0150.3
Q12857	MA0670.2
O00712	MA1643.2
P08651	MA0161.3
P08651	MA1527.2
Q16649	MA0025.3
Q14938	MA0671.2
Q14938	MA1528.2
Q00653	MA0778.2
P23511	MA0060.4
P25208	MA0502.3
Q13952	MA1644.2
Q02577	MA1529.2
P50220	MA1994.2
O95096	MA1645.2
Q8TAU0	MA0672.2
Q9H2Z4	MA2003.2
P52952	MA0063.3
O15522	MA0673.2
P97436	MA0124.3
P97503	MA0122.4
P78426	MA0674.2
Q9C056	MA0675.2
A6NJ46	MA1530.2
Q8VIH1	MA0125.2
A8MTQ0	MA0710.2
P97460	MA0626.2
Q8BGD7	MA1995.2
P20393	MA1531.2
P28700	MA0494.2
Q9Z0Y9	MA0494.2
Q60641	MA1110.3
P19793	MA1146.2
Q96RI1	MA1146.2
O75469	MA1533.2
Q14994	MA1534.2
P13056	MA1535.2
P49116	MA0504.2
P49116	MA1536.2
Q9QXZ7	MA0164.2
P10589	MA0017.3
P10589	MA1537.2
P24468	MA1111.2
P43136	MA0677.2
P04150	MA0113.4
P08235	MA0727.2
P22736	MA1112.3
P43354	MA0160.3
P19793	MA1147.2
P43354	MA1147.2
P33242	MA1540.3
P45448	MA0505.3
Q15406	MA1541.2
Q9WU00	MA0506.3
P54845	MA0842.3
Q13516	MA1997.2
Q9UBC0	MA0679.3
O60422	MA0757.2
Q8TAX0	MA1542.2
Q8N2R0	MA1646.2
P32242	MA0711.2
P32243	MA0712.3
O14753	MA1544.2
Q9BRP0	MA1545.2
Q9HBE1	MA1961.2
Q02962	MA0067.3
P23760	MA1546.2
P47239	MA0680.3
P40424	MA0070.2
P40425	MA1113.3
P40426	MA1114.2
P52945	MA0132.3
Q99453	MA0681.3
O75364	MA0714.2
P55347	MA0782.3
O35745	MA1615.2
Q9UPG8	MA1548.2
P28069	MA0784.3
P14859	MA0785.2
P09086	MA0507.3
Q9UKI9	MA0627.3
Q03052	MA0786.2
Q01851	MA0790.2
Q12837	MA0683.2
Q15319	MA0791.2
Q01860	MA1115.2
Q14863	MA0628.2
Q14863	MA1549.2
P78424	MA0793.2
P19793	MA1148.2
Q07869	MA1148.2
Q03181	MA1550.2
P37231	MA0066.2
P28700	MA0065.3
P37238	MA0065.3
O75626	MA0508.4
E9Q3T6	MA1998.2
E9Q8T2	MA1616.2
Q80V63	MA1647.3
Q9CXE0	MA1999.2
Q9NQV7	MA1723.2
P54821	MA0716.2
Q99811	MA0075.4
Q9QX98	MA1618.2
Q9QX98	MA1619.2
Q9QX98	MA1620.2
P10276	MA1149.2
P48443	MA1149.2
P10826	MA1552.2
P18911	MA0859.2
P13631	MA1553.2
Q9Y2V3	MA0718.2
Q96IS3	MA0717.2
Q06330	MA1116.2
Q01201	MA1117.2
Q13127	MA0138.3
P48378	MA0600.3
Q33E94	MA0799.3
P48382	MA0510.3
Q8C7R7	MA1724.2
O14593	MA1554.2
Q810N8	MA0629.2
Q8NHV9	MA0719.2
P35398	MA0072.2
Q92753	MA1150.2
P51449	MA1151.2
Q92766	MA0073.2
Q01196	MA0002.3
Q13761	MA0684.3
Q01826	MA1963.2
Q9BWW7	MA0743.3
Q9NQ03	MA0744.3
O15266	MA0630.2
P70390	MA0720.2
Q15475	MA1118.2
Q9NPC8	MA1119.2
Q62233	MA0631.2
Q61321	MA2001.2
Q15796	MA1964.2
P97471	MA1153.2
O95863	MA1558.2
O43623	MA0745.3
Q3KNW1	MA1559.2
Q9NX45	MA1560.2
P56693	MA0442.3
Q7M6Y2	MA0869.3
O15370	MA1561.2
Q9UN79	MA1120.2
O95416	MA1562.2
O60248	MA1152.2
Q61473	MA0078.3
P53784	MA0514.3
Q06945	MA0867.3
P35710	MA0087.3
P57073	MA0868.3
P48436	MA0077.2
Q02447	MA0746.3
Q6BEB4	MA1965.2
Q8IXZ3	MA0747.2
P0CG40	MA1564.2
P17433	MA0080.7
Q01892	MA0081.3
Q8N5J4	MA0687.2
P36956	MA0829.3
Q05066	MA0084.2
P42224	MA0137.4
P42224	MA0517.2
P52630	MA0517.2
Q9WVL2	MA1623.2
P40763	MA0144.3
P42228	MA0518.2
P42230	MA1624.2
P42230	MA0519.2
P42232	MA0519.2
P42232	MA1625.2
P52633	MA0520.2
P15923	MA0091.2
P17542	MA0091.2
P20226	MA0108.3
Q16650	MA0802.2
O95935	MA1565.2
O60806	MA0804.2
Q13207	MA0688.2
P70327	MA1567.3
Q61286	MA0521.3
Q99081	MA1648.2
O35437	MA0832.2
O43680	MA1568.2
P15884	MA0830.3
P36402	MA0769.3
Q9NQB0	MA0523.2
Q9UL49	MA0632.3
P28347	MA0090.4
Q15562	MA1121.2
Q15561	MA0809.3
P05549	MA0810.2
P05549	MA0003.5
Q92481	MA0811.2
Q92481	MA0812.2
Q92754	MA0524.3
Q92754	MA0814.3
Q6VUC0	MA1569.2
P50549	MA1966.2
Q01664	MA1966.2
Q01543	MA1967.2
Q01664	MA1967.2
Q12800	MA1968.2
Q14186	MA1122.2
P19484	MA0692.2
O14948	MA0871.3
Q9NVV9	MA0597.3
P10827	MA1969.2
P10828	MA1574.2
P10828	MA1575.2
P10828	MA1576.2
O43763	MA1577.2
O15350	MA0861.2
Q9UHF7	MA1970.2
Q15672	MA1123.3
Q9D030	MA0633.3
A6NJT0	MA0721.2
P22415	MA0093.4
Q15853	MA0526.5
Q5SQQ9	MA0722.2
Q9UIW0	MA0723.3
P48281	MA0693.4
Q14119	MA1578.2
Q9NZR4	MA0725.2
P58304	MA0726.2
P22561	MA1627.2
P17861	MA0844.2
Q00899	MA0095.4
O15391	MA0748.3
O96006	MA0749.2
Q9BTP6	MA1971.2
Q9Y330	MA1649.2
O43829	MA1650.2
Q99592	MA0698.2
Q9HCK0	MA1579.2
Q86T24	MA0527.2
Q15916	MA1581.2
O95365	MA0750.3
O15156	MA0694.2
A1YPR0	MA0695.2
P37275	MA0103.4
A2A5K6	MA2002.2
Q96MM3	MA1651.2
Q9NU63	MA1583.2
P17012	MA0146.3
P46684	MA1628.2
Q62520	MA1628.2
Q62520	MA1629.2
Q62521	MA0697.3
Q8N9L1	MA0751.2
Q96T25	MA1584.2
Q96PE6	MA1709.2
P17029	MA1585.2
Q9BRR0	MA1973.2
Q9Y2L8	MA1652.2
P52738	MA1589.2
Q9UQR1	MA1653.2
P17020	MA1654.2
O75820	MA1725.2
Q13398	MA1974.2
Q9UL59	MA1975.2
Q9Y2Q1	MA1710.2
O14978	MA0528.3
Q96GC6	MA1592.2
Q9Y2X9	MA1630.3
Q9UDV7	MA1154.2
Q96PQ6	MA1593.2
A2RRD8	MA1976.2
O75467	MA1977.2
Q9NQX6	MA1726.2
Q9BYN7	MA1655.2
Q6P1L6	MA1711.2
O60765	MA1978.2
Q8TF68	MA1125.2
Q86VK4	MA0752.2
Q8NA42	MA1979.2
Q8TAU3	MA1727.2
Q6P9G9	MA1656.2
Q8N9F8	MA1712.2
Q6P9A1	MA1981.2
Q6P9A3	MA1728.2
Q6ZN55	MA1982.2
Q96NG8	MA1983.2
Q8N9Z0	MA1713.2
Q9Y2D9	MA1657.2
Q5HYK9	MA1984.2
Q8TD23	MA1714.2
Q8NEM1	MA1729.2
O95780	MA1599.2
Q5T5D7	MA1600.2
Q9BU19	MA1986.2
Q9NV72	MA1987.2
P17019	MA1730.2
Q8NDX6	MA0753.3
P36508	MA1716.2
Q9H5H4	MA1731.2
Q8NCA9	MA1717.2
Q0VGE8	MA1719.2
Q03923	MA1720.2
P35789	MA1721.2
Q8IWY8	MA1602.2
Q96LW9	MA1722.2
Q84JK2	MA1407.2